{"cameraMode":{"drawMode":0,"name":"Shaded","section":"Shading Mode"},"sceneLighting":true,"audioPlay":false,"sceneViewState":{"showFog":true,"showMaterialUpdate":false,"showSkybox":true,"showFlares":true,"showImageEffects":true,"showParticleSystems":true},"in2DMode":false,"pivot":{"x":-1.6977553367614747,"y":-0.6887379884719849,"z":2.9996249675750734},"rotation":{"x":0.05470546707510948,"y":-0.03321150317788124,"z":0.0022238537203520538,"w":0.9979491233825684},"size":4.041658401489258,"orthographic":false}