{"cameraMode":{"drawMode":0,"name":"Shaded","section":"Shading Mode"},"sceneLighting":false,"audioPlay":false,"sceneViewState":{"showFog":true,"showMaterialUpdate":false,"showSkybox":false,"showFlares":true,"showImageEffects":true,"showParticleSystems":true},"in2DMode":false,"pivot":{"x":0.00033499300479888916,"y":0.3614499866962433,"z":0.017250001430511476},"rotation":{"x":0.02040564827620983,"y":0.7057604789733887,"z":-0.020333202555775644,"w":0.7078781723976135},"size":1.6521143913269044,"orthographic":false}